linkID,Standard,German,English,FNameAbbr,ParentFirm,FirmNote
1,A. Schultze Jr.,A. Schultze Jr.,,,3.0,
2,Ackermann,Ackermann,,,,
3,AEG Kabelwerke Oberspree,AEG Kabelwerke Oberspree,,,9.0,
4,AG Bergbau- und Hüttenbedarf,AG Bergbau- und Hüttenbedarf,,,402.0,
5,Agfa Kamerawerke,Agfa Kamerawerke,,,,
6,Aircraft Research Institute,,Aircraft Research Institute,,,
7,"Battery Manufacturing, Inc.",Akkumulatorenfabrik AG,"Battery Manufacturing, Inc.",AFA,,
8,Allgäu Cotton Mill Ltd.,,Allgäu Cotton Mill Ltd.,,,
9,German General Electric Co.,Allgemeine Elektrizitäts-Gesellschaft,German General Electric Co.,AEG,,
10,Allgemeine Transportanlagen GmbH,Allgemeine Transportanlagen GmbH,,,,
11,Aloys Haase,Aloys Haase,,,,
12,Alpine Montanbetriebre,Alpine Montanbetriebre,,,,
13,Amt W III of WVHA,Amt W III of WVHA,,,,
14,Annaburger Gerätebau GmbH,Annaburger Gerätebau GmbH,,,,
15,Anorgana GmbH,Anorgana GmbH,,,233.0,
16,Anorgana GmbH Gendorf,Anorgana GmbH Gendorf,,,233.0,
17,Anschutz und Co.,Anschutz und Co.,,,,
18,Arado Airplane Factory,Arado Airplane Factory,,,,
19,Arbeitsgemeinschaft Wilhelm Beck-Alfred Kohler,Arbeitsgemeinschaft Wilhelm Beck-Alfred Kohler,,,,
20,Argo Waldenburg,Argo Waldenburg,,,,
21,Artur Becker Tiefbau AG,Artur Becker Tiefbau AG,,,,
22,Askania-Werke AG,Askania-Werke AG,,,,
23,Astrawerke AG,Astrawerke AG,,,,
24,Auer Co.,Auer Co.,,,,
25,August Gahringer Enterprise,August Gahringer Enterprise,,,,
26,Auto Union AG,Auto Union AG,,,,
27,Auto-Hanzel,Auto-Hanzel,,,,
28,Bahnmeisterei,Bahnmeisterei,,,,
29,Baltic Oil Ltd.,Baltische Öl GmbH,Baltic Oil Ltd.,Baltöl,,
30,Barthold,Barthold,,,,
31,Bartolith Firm,Bartolith Firm,,,,
32,Bassow & Tokkul,Bassow & Tokkul,,,,
33,Bata Shoe Factory,Bata Shoe Factory,,,,
34,Bau AG Negrelli,Bau AG Negrelli,,,,
35,Baugemeinschaft Grafschaft Glatz,Baugemeinschaft Grafschaft Glatz,,,,
36,Baustelle Schichau Elbing,Baustelle Schichau Elbing,,,,
37,Bavarian Motor Works,Bayerische Motoren Werke,Bavarian Motor Works,BMW,,
38,Bayerischer Lloyd,Bayerischer Lloyd,,,,
39,Bazun,Bazun,,,,
40,Behrendt Farm,Behrendt Farm,,,,
41,Berg Burggraf,Berg Burggraf,,,,
42,Berka Martynwerke,Berka Martynwerke,,,,
43,Berlin Construction Co.,Berlin Construction Co.,,,,
44,Berlstedt,Berlstedt,,,,
45,Bernsdorf & Co. munitions Factory,Bernsdorf & Co. munitions Factory,,,,
46,Betonfabrik,Betonfabrik,,,,
47,Betrieb Schlier,Betrieb Schlier,,,,
48,Betting Hartsteinwerke GmbH,Betting Hartsteinwerke GmbH,,,,
49,Beuchelt,Beuchelt,,,,
50,Bims- und Faserstoffbetonwerke Anton Racz,Bims- und Faserstoffbetonwerke Anton Racz,,,,
51,Blaupunkt,Blaupunkt,,,,
52,Bode,Bode,,,,
53,Bohemia-Keramische Werke AG,Bohemia-Keramische Werke AG,,,,
54,Bomb Finders,Bomb Finders,,,,
55,Borgward-Werke,Borgward-Werke,,,,
56,Borsig-Werke,Borsig-Werke,,,,
57,Bosch,Bosch,,,,
58,Braun und Co. Schieferverwaltung,Braun und Co. Schieferverwaltung,,,,
59,Brown Coal Gasoline Inc.,Braunkohle-Benzin AG,Brown Coal Gasoline Inc.,Brabag,,
60,Bremen Vulkan,Bremen Vulkan,,,,Shipyard
61,Bremen Wollkammerei,Bremen Wollkammerei,,,,
62,Büssing United New Automobile Company Corp.,Büssing Vereinigte Neue-Automobil-Gesellschaft AG,Büssing United New Automobile Company Corp.,Büssing NAG,,
63,Butzer und Holzmann AG,Butzer und Holzmann AG,,,,
64,Bygk-Guldenwerke,Bygk-Guldenwerke,,,,
65,C. Lorenz AG,C. Lorenz AG,,,,
66,Carl Stephun,Carl Stephun,,,,
67,Carl Zeiss AG,Carl Zeiss AG,,,,
68,Carpentry,Carpentry,,,,
69,Carstens Company,Carstens Company,,,,
70,Chemische Werke GmbH,Chemische Werke GmbH,,,,
71,Christ u Co.,Christ u Co.,,,,
72,Christian Krutwig,Christian Krutwig,,,,
73,Christian Mansfeld GmbH,Christian Mansfeld GmbH,,,,
74,Christoph & Unmack AG,Christoph & Unmack AG,,,,
75,City Brickyard,City Brickyard,,,,
76,City of Steyr,City of Steyr,,,,
77,Construction Administration,Construction Administration,,,,
78,Construction Project Management of the Waffen SS,Construction Project Management of the Waffen SS,,,,
79,Continental-Gummiwerke AG,Continental-Gummiwerke AG,,,,
80,Cottbus,Cottbus,,,,
81,Czernilofsky,Czernilofsky,,,,
82,Daimler-Benz,Daimler-Benz,,DB,,
83,Danzig Holm,Danzig Holm,,,,
84,Danzig Senate Roads Administration,Danzig Senate Roads Administration,,,,
85,Darmstadt,Darmstadt,,,,
86,Dehlert Company,Dehlert Company,,,,
87,Deichverband des Kreises Elbing,Deichverband des Kreises Elbing,,,,
88,Demag Cehicular Factory Falkensee GmbH,Demag Cehicular Factory Falkensee GmbH,,,,
89,Deschimag AG,Deschimag AG,,,,
90,Dessauer Waggonfabrik AG,Dessauer Waggonfabrik AG,,,,
91,Deutsche Asphalt,Deutsche Asphalt,,,,
92,German Asphalt Corporation,Deutsche Asphalt AG,German Asphalt Corporation,DASAG,,
93,"German Equipment Works, Ltd",Deutsche Ausrüstungswerke GmbH,"German Equipment Works, Ltd",DAW,,previously Ostindustrie GmbH
94,German Mining and Metallurgical Company,Deutsche Bergwerks- und Hüttenbau Gesellschaft,German Mining and Metallurgical Company,DBHG,,
95,German Iron Works Corp.,Deutsche Eisenwerke AG,German Iron Works Corp.,DEW,,
96,German Enamel Factory – Enamel and Metal Wares of All Types,Deutsche Emailwarenfabrik – Email- und Metallwaren aller Art,German Enamel Factory – Enamel and Metal Wares of All Types,DEF,,
97,"German Earth and Stone Works, Ltd.",Deutsche Erd- und Steinwerke GmbH,"German Earth and Stone Works, Ltd.",DESt,,
98,Deutsche Erzbergwerke AG,Deutsche Erzbergwerke AG,,,,
99,Deutsche Gasolin AG,Deutsche Gasolin AG,,,,
100,Deutsche Hoch- und Tiefbaugesellschaft,Deutsche Hoch- und Tiefbaugesellschaft,,,,
101,German Industrial Works Corp.,Deutsche Industriewerke AG,German Industrial Works Corp.,DIWAG,,ammunition factory
102,German Cooling and Power Machines,Deutsche Kühl- und Kraftmaschinen GmbH Scharfenstein,German Cooling and Power Machines,DKK,26.0,
103,German National Railway,Deutsche Reichsbahn Halberstadt,German National Railway,DR,534.0,
104,Deutsche Versuchsanstalt fur Ernahrung und Verpflegung GmbH,Deutsche Versuchsanstalt fur Ernahrung und Verpflegung GmbH,,,,
105,Deutsche Zellwerk AG,Deutsche Zellwerk AG,,,,
106,Diedrich Rohlfs,Diedrich Rohlfs,,,,
107,Diehl GmbH & Co.,Diehl GmbH & Co.,,,,
108,Dietrich Company,Dietrich Company,,,,
109,Dohrmann,Dohrmann,,,,
110,Dornier,Dornier,,,,
111,Dr. Rimpf of the Mineralölbau GmbH,Dr. Rimpf of the Mineralölbau GmbH,,,,
112,Dr.-Ing. Frank H. Heymann,Dr.-Ing. Frank H. Heymann,,,,
113,Dragerwerke,Dragerwerke,,,,
114,Draht- und Metallwarenfabrik Salzwedel,Draht- und Metallwarenfabrik Salzwedel,,,,
115,Dubner,Dubner,,,,
116,Dunlop Factory,Dunlop Factory,,,,
117,Dybo,Dybo,,,,
118,Dyckerhoff,Dyckerhoff,,,,
119,Dyckerhoff & Widmann AG,Dyckerhoff & Widmann AG,,,,
120,Dyckerhoff & Widmann AG Betonwerke Gossebaude,Dyckerhoff & Widmann AG Betonwerke Gossebaude,,,119.0,
121,Dynamit Nobel AG,Dynamit Nobel AG,,DAG,,
122,E. Machold textile factory,E. Machold textile factory,,,233.0,
123,Ebano-Oehler,Ebano-Oehler,,,,
124,Ehrenrich & Co.,Ehrenrich & Co.,,,,
125,EIBIA & Wolff,EIBIA & Wolff,,,,
126,Eifel Autobahn,Eifel Autobahn,,,,
127,Eisen- und Hüttenwerke AG,Eisen- und Hüttenwerke AG,,,,
128,Elblag Company,Elblag Company,,,,
129,Elektrolux Ltd.,Elektrolux Ltd.,,,,
130,Elektromechanische Werke Karlshagen,Elektromechanische Werke Karlshagen,,,,
131,Elsabe AG,Elsabe AG,,,,
132,Upper Silesian Energy Supply Co.,Energie-Versorgung Oberschlesien,Upper Silesian Energy Supply Co.,EVO,,
133,Ennskraftwerke AG,Ennskraftwerke AG,,,,
134,Entomological Institute,Entomological Institute,,,,
135,Erdöl Raffinerie Trzebinia GmbH,Erdöl Raffinerie Trzebinia GmbH,,,,petroleum refinery
136,Erla-Maschinenwerk GmbH Leipzig,Erla-Maschinenwerk GmbH Leipzig,,,,
137,Ernst Heinkel AG,Ernst Heinkel AG,,,,
138,F. Schichau-Werft GmbH/AG Elbing,F. Schichau-Werft GmbH/AG Elbing,,,,restructured into an AG on 1941: https://de.wikipedia.org/wiki/Schichau-Werke#1918%E2%80%931945
139,F.W. Shultz and co,F.W. Shultz and co,,,,
140,Fa Vereinigte Textilwerke & Co. K.H. Barthel,Fa Vereinigte Textilwerke & Co. K.H. Barthel,,,,
141,Fabrik Plage-Laskewicz,Fabrik Plage-Laskewicz,,,,
142,Fabrik zur Verwertung Chemischer Erzeugnisse Hertine GmbH,Fabrik zur Verwertung Chemischer Erzeugnisse Hertine GmbH,,,121.0,
143,Fahrzeug- und Motorenwerke,Fahrzeug- und Motorenwerke,,Famo-Werke,,
144,Faserfabrik,Faserfabrik,,,,
145,Ferdinand Haase Textile Factory,Ferdinand Haase Textile Factory,,,,
146,Ferro Betonit Werke AG,Ferro Betonit Werke AG,,,,
147,Fiebinger Engineering Office,Fiebinger Engineering Office,,,,
148,Fiesel Factory,Fiesel Factory,,,,
149,Firma Ambi-Budd,Firma Ambi-Budd,,,,aircraft parts
150,Firma Dittmers,Firma Dittmers,,,,
151,Firma Frank,Firma Frank,,,,
152,Firma G.E. Reinhardt Zahnradfabrik,Firma G.E. Reinhardt Zahnradfabrik,,,,
153,Firma Oertel,Firma Oertel,,,,
154,Firma Peter Bauwens und Julius Schmidt (Magdeburg),Firma Peter Bauwens und Julius Schmidt (Magdeburg),,,,
155,Fix,Fix,,,,
156,FL Smidth & Co.,FL Smidth & Co.,,FLS,,
157,Fliegerhorst Goslar,Fliegerhorst Goslar,,,,
158,Aircraft Motor Works Ostmark,Flugmotorenwerke Ostmark,Aircraft Motor Works Ostmark,,,
159,Flugzeuwerke Hadmersleben bei Oscherlseben,Flugzeuwerke Hadmersleben bei Oscherlseben,,,,
160,Focke-Wulf Flugzeugbau,Focke-Wulf Flugzeugbau,,Fw,,
161,Ford Motor Company,Ford Motor Company,,,,
162,Formholz,Formholz,,,,
163,Framo-Werke GmbH,Framo-Werke GmbH,,,,
164,Frankel,Frankel,,,,
165,Franz Munnemann,Franz Munnemann,,,,
166,Friedrich Krupp Inc. Cast Steel,Friedrich Krupp AG,Friedrich Krupp Inc. Cast Steel,,166.0,
167,Friedrich Rodieck,Friedrich Rodieck,,,,
168,Fritz Schuber,Fritz Schuber,,,,
169,Fritz Werner AG,Fritz Werner AG,,,,
170,Fürstengrube GmbH,Fürstengrube GmbH,,,,
171,Fürstlich Plessische Bergwerks AG,Fürstlich Plessische Bergwerks AG,,,,
172,G.A. Buhl und Sohn,G.A. Buhl und Sohn,,,,
173,G.F. Flechtner,G.F. Flechtner,,,,
174,Gartner & Sohn,Gartner & Sohn,,,,
175,Gear Wheel Factory,Gear Wheel Factory,,,,
176,Gebrüder Butzer & Holzmann,Gebrüder Butzer & Holzmann,,,,
177,"Gebrüder Walzel, C.G.","Gebrüder Walzel, C.G.",,,,
178,Gelsenberg Benzin AG hydrogenation factory,Gelsenberg Benzin AG hydrogenation factory,,,,
179,Geppardt,Geppardt,,,,
180,Gerätebau GmbH,Gerätebau GmbH,,,,
181,Gerätewerk Pommern GmbH,Gerätewerk Pommern GmbH,,,,
182,German Deutsche Gasrusswerke company,German Deutsche Gasrusswerke company,,,,
183,German Equipment Works,German Equipment Works,,,,
184,German Food Concern Ltd.,German Food Concern Ltd.,,,,
185,Gesselschaft fur Technische Und Wirtschafliche Entwicklung mbH,Gesselschaft fur Technische Und Wirtschafliche Entwicklung mbH,,,,
186,Union of the German Petroleum - New Petroleum Refinery Corporation,Gewerkschaft Deutsche Erdöl - Neue Erdöl Raffinerie Aktiengesellschaft,Union of the German Petroleum - New Petroleum Refinery Corporation,Deurag-Nerag,,
187,Goldfields,Goldfields,,,,
188,Goldschmidt,Goldschmidt,,,,
189,Gollenschow Portland Cement Plant,Gollenschow Portland Cement Plant,,,,
190,Gollnow und Sohn,Gollnow und Sohn,,,,
191,Grenzdorf B,Grenzdorf B,,,,
192,Grülich,Grülich,,,,
193,Grün & Bilfinger AG,Grün & Bilfinger AG,,,,
194,Gruneberger Metallgesellschaft mbH ,Gruneberger Metallgesellschaft mbH ,,,536.0,
195,Guben,Guben,,,,
196,Gusen,Gusen,,,,stone quarry
197,Gustloff,Gustloff,,,,
198,H.R. Heincke,H.R. Heincke,,,,
199,Hahn Company,Hahn Company,,,,
200,Hannover Machine Works Inc.,Hannoversche Maschinenbau AG,Hannover Machine Works Inc.,Hanomag,,
201,Hardt,Hardt,,,,
202,Harer,Harer,,,,
203,Hartsteinwerke Vulkan,Hartsteinwerke Vulkan,,,,
204,Havelschmelzwerk GmbH,Havelschmelzwerk GmbH,,,,
205,Hebel Construction Co.,Hebel Construction Co.,,,,
206,Heerbrandt-Werke,Heerbrandt-Werke,,,,
207,Land Army Engineering Corps in Gleiwitz,Heeresbauverwaltung Gleiwitz,Land Army Engineering Corps in Gleiwitz,,,
208,Heinemann & Busse,Heinemann & Busse,,,,
209,Heinrich Mattoni AG Contruction,Heinrich Mattoni AG Contruction,,,,
210,Heinz Wendt machine Factory,Heinz Wendt machine Factory,,,,
211,Helmuth Sachse KG,Helmuth Sachse KG,,,,
212,Henschel Aircraft Work,Henschel- Flugzeug- Werke,Henschel Aircraft Work,HFW,,
213,Herber Company,Herber Company,,,,
214,Hildebrand und Frey Company,Hildebrand und Frey Company,,,,
215,Himmelstoss & Sittner,Himmelstoss & Sittner,,,,
216,Hoch- und Tiefbau,Hoch- und Tiefbau,,,,
217,Hoch- und Tiefbau AG,Hoch- und Tiefbau AG,,,,
218,Hochtief AG ,Hochtief AG ,,,,
219,Hoffmannswerke/Bielitz,Hoffmannswerke/Bielitz,,,,
220,Hofherr & Schrantz,Hofherr & Schrantz,,,,
221,Hofmann & Maculan,Hofmann & Maculan,,,,
222,Holzman Company,Holzman Company,,,,
223,Holzmann,Holzmann,,,,
224,Horst Dylla,Horst Dylla,,,,
225,Hotze,Hotze,,,,
226,Howaldtwerke,Howaldtwerke,,,,
227,Hübsch,Hübsch,,,,
228,Huth,Huth,,,,
229,Hütte Linz,Hütte Linz,,,,
230,Hüttenwerkverwaltung Westmark GmbH,Hüttenwerkverwaltung Westmark GmbH,,,,
231,Hutto,Hutto,,,,
232,Hydrierwerke AG,Hydrierwerke AG,,,,
233,I. G. Farbenindustrie AG,I. G. Farbenindustrie AG,,IG Farben,,
234,"I. G. Farbenindustrie AG, Filmfabrik Wolfen","I. G. Farbenindustrie AG, Filmfabrik Wolfen",,,233.0,
235,"I. G. Farbenindustrie AG, Phrix-Werke","I. G. Farbenindustrie AG, Phrix-Werke",,,233.0,
236,Industriewerke AG,Industriewerke AG,,,,
237,Schlempp Engineering Office,Ingenieurbüro Schlempp,Schlempp Engineering Office,,,
238,J.A. Kluge und Etrich,J.A. Kluge und Etrich,,,,
239,J.C. Dittgen KG,J.C. Dittgen KG,,,,
240,J.C. Müller & Co.,J.C. Müller & Co.,,,,
241,Jank,Jank,,,,
242,Johann Etrich K. G.,Johann Etrich K. G.,,,,
243,Johannisberg GmbH,Johannisberg GmbH,,,,
244,Julius Berger,Julius Berger,,,,
245,Jung Mineralöl-Werke,Jung Mineralöl-Werke,,,,
246,"Junkers Aircraft and Motor Works Company, Inc.",Junkers Flugzeug- und Motorenwerke AG,"Junkers Aircraft and Motor Works Company, Inc.",JFM,,
247,Junkers Flugzeug- und Motorenwerke AG Zweigwerk Schonebeck,Junkers Flugzeug- und Motorenwerke AG Zweigwerk Schonebeck,,,246.0,
248,"Cable and Conductor Works, Inc.",Kabel- und Leitungswerke AG,"Cable and Conductor Works, Inc.",KALAG,,
249,Kabel-Metall-Neumeyer,Kabel-Metall-Neumeyer,,,,
250,Kali-Werk Georgi,Kali-Werk Georgi,,,,
251,Kalkspat K.G.,Kalkspat K.G.,,,,
252,"Karl Budde, Dampfsäge und Hobelwerk","Karl Budde, Dampfsäge und Hobelwerk",,,,Steam Saw and Planing Mill
253,Karl Stohr,Karl Stohr,,,,
254,Kastenhof,Kastenhof,,,,stone quarry
255,Keller & Knappich,Keller & Knappich,,,,
256,Kelterborn & Stenvers,Kelterborn & Stenvers,,,,
257,Kemper Werkstätte für Panzer- und Kriegsfahrzeugbau,Kemper Werkstätte für Panzer- und Kriegsfahrzeugbau,,,,
258,Kieferling,Kieferling,,,,
259,Kirchoff,Kirchoff,,,,
260,Kirsch,Kirsch,,,,saw mill
261,Kläranlage und Ziegelei Berlstedt bei Weimar,Kläranlage und Ziegelei Berlstedt bei Weimar,,,,
262,Kleineisenwerk am Gittertor,Kleineisenwerk am Gittertor,,,402.0,
263,Klöckner Flugmotorenbau GmbH,Klöckner Flugmotorenbau GmbH,,,,
264,Klöckner-Humboldt-Deutz AG,Klöckner-Humboldt-Deutz AG,,,,
265,Knittel,Knittel,,,,
266,Koder,Koder,,,,
267,Koller,Koller,,,,
268,Konrad,Konrad,,,,
269,Kowal & Bruns,Kowal & Bruns,,,,
270,Kramsta-Methner und Frahne AG,Kramsta-Methner und Frahne AG,,,,
271,Kraus & Co.,Kraus & Co.,,,,
272,Krause,Krause,,,,
273,"Krause, Schallhorn und Eule","Krause, Schallhorn und Eule",,,,
274,Kriegsmarinewerft,Kriegsmarinewerft,,,,
275,Krondorf-Sauerbrunn,Krondorf-Sauerbrunn,,,,
276,Kuhnpast,Kuhnpast,,,,
277,Kunigals,Kunigals,,,,
278,Kunnith,Kunnith,,,,
279,Kuno-Forest Factory,Kuno-Forest Factory,,,,
280,Kuppers Company,Kuppers Company,,,,
281,"Kurmark Rayon and Cellulose, Inc.",Kurmärkische Zellwolle und Zellulose AG,"Kurmark Rayon and Cellulose, Inc.",KZZW,,
282,Kurt Hodermann,Kurt Hodermann,,,,
283,Kurt Laske Furniture Factory,Kurt Laske Furniture Factory,,,,
284,L. Bautz Co.,L. Bautz Co.,,,,
285,L. Ehrengut,L. Ehrengut,,,,
286,Lam,Lam,,,,
287,Landesverein Arbeiterkolonien of the Inner Mission of the Protestant church of Baden,Landesverein Arbeiterkolonien of the Inner Mission of the Protestant church of Baden,,,,
288,Landesverein für Innere Mission in Schleswig-Holstein,Landesverein für Innere Mission in Schleswig-Holstein,,,,ran by the Evangelical State Church
289,Lang & Manhoffer,Lang & Manhoffer,,,,
290,Latzel & Kutscha,Latzel & Kutscha,,,,
291,Laubach,Laubach,,,,
292,Lebensborn e. V,Lebensborn e. V,,,,
293,Lebensbornheim,Lebensbornheim,,,,
294,Lehmann ,Lehmann ,,,,
295,Lehnitz Brick works,Lehnitz Brick works,,,,
296,Leistikoff,Leistikoff,,,,
297,Leng-Werke,Leng-Werke,,,,
298,Lenz,Lenz,,,,
299,Leonhard Moll,Leonhard Moll,,,,
300,Lias,Lias,,,,
301,Lieberose,Lieberose,,,,
302,Lingen,Lingen,,,,
303,Linke Hofmann Werke,Linke Hofmann Werke,,,,
304,Lippstadt Iron and Metal Works,Lippstadt Eisen- und Metallwerke,Lippstadt Iron and Metal Works,LEM,,
305,Lodenfrey GmbH,Lodenfrey GmbH,,,,
306,Low Beer Textile company,Low Beer Textile company,,,,
307,Aviation Equipment Ltd.,Luftfahrtgeräte GmbH,Aviation Equipment Ltd.,Lufag,,alternatively: Luftfahrtgerätegesellschaft (Aviation Equipment Company)
308,"Aircraft Equipment Works Hakenfelde, Ltd.",Luftfahrtgerätewerk Hakenfelde GmbH,"Aircraft Equipment Works Hakenfelde, Ltd.",LGW,432.0,
309,Luftschiffbau Zeppelin GmbH,Luftschiffbau Zeppelin GmbH,,,,
310,Luftwaffe,Luftwaffe,,,,munitions
311,Luning & Sohn,Luning & Sohn,,,,
312,Luranil Company,Luranil Company,,,,
313,Luranil-Baugesellschaft mbH,Luranil-Baugesellschaft mbH,,,233.0,
314,M. Wagner,M. Wagner,,,,
315,Madebrun,Madebrun,,,,
316,Magirus Company,Magirus Company,,,,
317,Mahal & Co.,Mahal & Co.,,,,
318,Markische Walzwerk GmbH,Markische Walzwerk GmbH,,,,
319,Martin Wiess,Martin Wiess,,,,
320,Maschinenfabriken Friedrich Krupp Berthawerk AG,Maschinenfabriken Friedrich Krupp Berthawerk AG,,,166.0,
321,Mattes,Mattes,,,,
322,Max Treder & Co.,Max Treder & Co.,,,,
323,Max-Gehrt-Werken,Max-Gehrt-Werken,,,,
324,Mayreder & Co.,Mayreder & Co.,,,,
325,Mech.- und Drahtseilfabrik Elbing,Mech.- und Drahtseilfabrik Elbing,,,,
326,Mechanik GmbH Rochlitz ,Mechanik GmbH Rochlitz ,,,537.0,
327,"Neubrandenburg Mechanical Repairs, Ltd.",Mechanische Werkstätten GmbH Neubrandenburg,"Neubrandenburg Mechanical Repairs, Ltd.",MWN,,
328,Messerschmitt AG,Messerschmitt AG,,,,
329,Messerschmitt AG Augsburg Factory,Messerschmitt AG Augsburg Factory,,,328.0,
330,Messinger,Messinger,,,,
331,Metallwerke Holleischen GmbH,Metallwerke Holleischen GmbH,,,,
332,Metallwerke Molln,Metallwerke Molln,,,,
333,Metallwerke Spaichingen,Metallwerke Spaichingen,,,,
334,Metzger u. Co.,Metzger u. Co.,,,,
335,Meyer,Meyer,,,,
336,Michelwerke,Michelwerke,,,,
337,Minette GmbH,Minette GmbH,,,496.0,
338,Mischke,Mischke,,,,
339,Central German Motor Works,"Mitteldeutsche Motorenwerke, Taucha ",Central German Motor Works,MIMO,26.0,
340,Mitteldeutsche Stahlwerke GmbH,Mitteldeutsche Stahlwerke GmbH,,,538.0,
341,Mittelwerk GmbH,Mittelwerk GmbH,,,,
342,Molke Werke,Molke Werke,,,,
343,Mill and Industry Co.,Mühlenbau- und Industrie AG Braunschweig,Mill and Industry Co.,MIAG,,
344,Muhlhausen,Muhlhausen,,,,
345,Müller & Co.,Müller & Co.,,,,
346,Müller & Froitzheim,Müller & Froitzheim,,,,
347,Munchshofen,Munchshofen,,,,
348,"National Radiators, Inc.",Nationale Radiatoren AG,"National Radiators, Inc.",NARAG,,
349,"National Krupp Cash Registers, Ltd.",National-Krupp-Registrierkassen GmbH,"National Krupp Cash Registers, Ltd.",NCR,166.0,
350,Natur-Asphalt Gesellschaft,Natur-Asphalt Gesellschaft,,,,
351,Norddeutsche Hütte,Norddeutsche Hütte,,,,
352,Norddeutsche Mineralölwerke GmbH,Norddeutsche Mineralölwerke GmbH,,,,
353,Nordland GmbH,Nordland GmbH,,,,
354,Nowy Staw Township,Nowy Staw Township,,,,
355,NSKK,NSKK,,,,
356,Oberbaurat Meiners,Oberbaurat Meiners,,,,
357,Oberdonau GmbH,Oberdonau GmbH,,,,
358,Pszczyna Forest Management Agency,Oberforstamt Pless,Pszczyna Forest Management Agency,,,
359,Steegen Forest Management Agency,Oberförsterei Steegen,Steegen Forest Management Agency,,,
360,Oberschlesische Gerätebau GmbH,Oberschlesische Gerätebau GmbH,,,407.0,
361,Oberschlesische Hydrierwerke AG,Oberschlesische Hydrierwerke AG,,,,
362,Obrigheim,Obrigheim,,,,
363,Oder-Gerätebau AG,Oder-Gerätebau AG,,,,
364,Office W VIII/2 Rest and Recuperation Facilities,Office W VIII/2 Rest and Recuperation Facilities,,,,
365,Ohl & Vattrodt,Ohl & Vattrodt,,,,
366,Ohlendorffsche Baugesellschaft,Ohlendorffsche Baugesellschaft,,,,
367,Opel,Opel,,,,
368,Opta Radio AG Leipzig,Opta Radio AG Leipzig,,,,
369,Organisation Todt,Organisation Todt,,,,
370,Osram,Osram,,,,
371,Ost-Maschinenbau GmbH company,Ost-Maschinenbau GmbH company,,,,
372,Otto Quade Strassenbau,Otto Quade Strassenbau,,,,
373,Otto Trebitz,Otto Trebitz,,,,
374,Otto Weil,Otto Weil,,,,
375,Paul Dietrich,Paul Dietrich,,,,
376,Paul Garbe,Paul Garbe,,,,
377,Pertrix Chemische Fabrik AG,Pertrix Chemische Fabrik AG,,,7.0,
378,Peter Blaumeyer,Peter Blaumeyer,,,,
379,Peuke und Jeche,Peuke und Jeche,,,,
380,Philipp Holzmann AG,Philipp Holzmann AG,,,,
381,Philips,Philips,,,,radio assembly
382,Philips-Valvo Factory,Philips-Valvo Factory,,,381.0,
383,Pierbauer,Pierbauer,,,,stone quarry
384,Plauener Baumwollspinnerei AG,Plauener Baumwollspinnerei AG,,,,
385,Poikett,Poikett,,,,
386,Polensky & Zöllner,Polensky & Zöllner,,,,
387,Polte OHG Magdeburg,Polte OHG Magdeburg,,,,
388,Port Kunda Cement,Port Kunda Cement,,,,
389,Porzellanmanufaktur Allach,Porzellanmanufaktur Allach,,,,
390,Präzifix GmbH,Präzifix GmbH,,,,
391,"Prien, Holst, and Weseloh","Prien, Holst, and Weseloh",,,,
392,Prix GmbH,Prix GmbH,,,535.0,
393,Pumpel & Co.,Pumpel & Co.,,,,
394,Quarz GmbH also leased to Braun & Boveri,Quarz GmbH also leased to Braun & Boveri,,,,
395,R. Fuess Company,R. Fuess Company,,,,
396,Rapp & Schule,Rapp & Schule,,,,
397,Reich Road Construction Bureau,Reich Road Construction Bureau,,,,
398,Reichs factory,Reichs factory,,,,
399,Reich Railways Repair Works,Reichsbahnausbesserungswerk,Reich Railways Repair Works,RAW,534.0,
400,Reich Railway Repair Works,Reichsbahnausbesserungswerk Stolp,Reich Railway Repair Works,RAW,534.0,
401,Reichsstatthalter im Reichsgau Oberdonau,Reichsstatthalter im Reichsgau Oberdonau,,,,
402,Reich Works “Hermann Göring”,"Reichswerke ""Hermann Göring""",Reich Works “Hermann Göring”,RWHG,,
403,"Reichswerke AG Alpine Montanbetriebe ""Hermann Göring""","Reichswerke AG Alpine Montanbetriebe ""Hermann Göring""",,,402.0,
404,Reichwalder Ziegelei,Reichwalder Ziegelei,,,,
405,Reiners,Reiners,,,,
406,Rella,Rella,,,,
407,Rheinmetall-Borsig AG,Rheinmetall-Borsig AG,,,,
408,Rhenania-Ossag oil company,Rhenania-Ossag oil company,,,,
409,Riebel & Cie Brickworks,Riebel & Cie Brickworks,,,,
410,Robert Hahn company,Robert Hahn company,,,,
411,Röling & Co.,Röling & Co.,,,,
412,Römer u. Dehlert Danzig,Römer u. Dehlert Danzig,,,,
413,Rubereit,Rubereit,,,,
414,"Ruhrstahl ""Annener Gussstahlwerk""","Ruhrstahl ""Annener Gussstahlwerk""",,,,
415,Sager,Sager,,,,
416,Sager und Worner,Sager und Worner,,,,
417,Sagewerk Gulzow,Sagewerk Gulzow,,,,
418,Salzvertriebs-GmbH Bernburg,Salzvertriebs-GmbH Bernburg,,,,
419,Sawmill in Susz,Sawmill in Susz,,,,
420,Schaffer und Budenberg GmbH,Schaffer und Budenberg GmbH,,,,
421,Schallhorn,Schallhorn,,,,
422,Schindler,Schindler,,,,
423,Schlesische Feinweberei,Schlesische Feinweberei,,,,
424,Schnepper & Isphording,Schnepper & Isphording,,,,
425,Schuhhaus Meier,Schuhhaus Meier,,,,
426,Schulz,Schulz,,,,
427,Sehmann,Sehmann,,,,
428,Seidenspinner,Seidenspinner,,,,
429,Siebel-Flugzeugwerke GmbH,Siebel-Flugzeugwerke GmbH,,,,
430,Siebenberg GmbH,Siebenberg GmbH,,,,
431,Siemens,Siemens,,,,
432,Siemens & Halske AG,Siemens & Halske AG,,S&H,,
433,Siemens Bauunion,Siemens Bauunion,,,,
434,Siemens Cable Community,Siemens-Kabel-Gemeinschaft,Siemens Cable Community,SKG,,
435,Siemens-Motorwerke,Siemens-Motorwerke,,,,
436,Siemens- Schuckert Works,Siemens-Schukert-Werke,Siemens- Schuckert Works,SSW,,
437,Silva GmbH,Silva GmbH,,,,
438,Solvay-Werke,Solvay-Werke,,,,
439,Spinnstofffabrik Zehlendorf AG,Spinnstofffabrik Zehlendorf AG,,,,
440,Spinnstoffwerken Zehlendorf,Spinnstoffwerken Zehlendorf,,,,
441,Spreewerk GmbH,Spreewerk GmbH,,,,
442,SS and Police Engineering Academy,SS and Police Engineering Academy,,,,
443,SS Deutsche Schieferöl GmbH,SS Deutsche Schieferöl GmbH,,,533.0,
444,SS Main Supply Depot Weichselland,SS Main Supply Depot Weichselland,,,,
445,SS Motorcycle Reserve Batalion,SS Motorcycle Reserve Batalion,,,,
446,SS-Bauleitung Verden,SS-Bauleitung Verden,,,,
447,SS-Führungsstab,SS-Führungsstab,,,,
448,SS-Führungsstab A 8,SS-Führungsstab A 8,,,,
449,SS-Grenadier-Ersatz-Ausbildungs-Bataillon 5,SS-Grenadier-Ersatz-Ausbildungs-Bataillon 5,,,,
450,SS-Heimwehr Barraks,SS-Heimwehr Barraks,,,,
451,SS-Sonderinspektion II,SS-Sonderinspektion II,,,,
452,SS-Weingut-Betriebs-GmbH,SS-Weingut-Betriebs-GmbH,,,,
453,Stahlbau GmbH,Stahlbau GmbH,,,,
454,Standard Electric Company,Standard Electric Company,,,,
455,Stein und Teer,Stein und Teer,,,,
456,Steinbruch Merkel,Steinbruch Merkel,,,,
457,Steinbruchverwertungs-GmbH,Steinbruchverwertungs-GmbH,,,,
458,Steinhage,Steinhage,,,,
459,Steyr-Daimler-Puch AG,Steyr-Daimler-Puch AG,,SDP,,
460,Nitrogen and Potash Works,"Stickstoff- und Kali-Werke, Trostberg",Nitrogen and Potash Works,SKW,,
461,Stigler & Rous,Stigler & Rous,,,,
462,Strassenbaugesellschaft E. Kemna und Co.,Strassenbaugesellschaft E. Kemna und Co.,,,,
463,"Street Construction Enterprises, Inc.",Strassenbauunternehmen AG,"Street Construction Enterprises, Inc.",STUAG,,
464,Stulcken-Werft,Stulcken-Werft,,,,
465,"Sudetenland Mining, Inc.",Sudetenländische Bergbau AG,"Sudetenland Mining, Inc.",Subag,,
466,"Sudetenland Fuel Works, Inc.",Sudetenländische Treibstoffwerke AG,"Sudetenland Fuel Works, Inc.",Sutag,,
467,Sudetenquell GmbH,Sudetenquell GmbH,,,,
468,Synthetische Benzin-Fabrik Mathildenhöhe,Synthetische Benzin-Fabrik Mathildenhöhe,,,,
469,Tanwald Textile Works,Tanwald Textile Works,,,,
470,Tebe und Bucer,Tebe und Bucer,,,,
471,Telefunken,Telefunken,,,,
472,the Erzbergbau Salzgitter GmbH,the Erzbergbau Salzgitter GmbH,,,,
473,The State work Institution Breitenau,The State work Institution Breitenau,,,,
474,Thomae,Thomae,,,,
475,Thomsen & Co.,Thomsen & Co.,,,,
476,Tiefbau,Tiefbau,,,,
477,Tiessler,Tiessler,,,,
478,Trockenkonservenfabrik,Trockenkonservenfabrik,,Trokofa,,
479,Uffing-Seehausen,Uffing-Seehausen,,,,
480,Ulm Company,Ulm Company,,,,
481,United Light Metal Works,United Light Metal Works,,,,
482,United Steel Works,United Steel Works,,,,
483,Universum Film AG,Universum Film AG,,Ufa,,
484,Unterdeichverband,Unterdeichverband,,,,
485,Unternehmung,Unternehmung,,,,
486,Urban,Urban,,,,
487,Valvo,Valvo,,,,
488,VDO-Adlerwerke AG,VDO-Adlerwerke AG,,,,
489,VEB Lausitzer Glass Part I,VEB Lausitzer Glass Part I,,,,
490,United German Metal Works,Vereinigte Deutsche Metallwerke,United German Metal Works,VDM,,
491,"United Upper Silesian Metallurgical Works, Inc.",Vereinigte Oberschlesische Hüttenwerke AG,"United Upper Silesian Metallurgical Works, Inc.",VOH,,
492,Veruschacht,Veruschacht,,,,
493,"Vogtland Machine Factory, Inc.","Vogtländische Maschinenfabrik AG, Plauen","Vogtland Machine Factory, Inc.",Vomag,,
494,"Voigt & Haeffner AG, Werk Linz","Voigt & Haeffner AG, Werk Linz",,,,
495,Volkenreich,Volkenreich,,,,
496,Volkswagen,Volkswagen,,VW,,
497,Volkswagenwerke Dernau,Volkswagenwerke Dernau,,,496.0,
498,Vorwerk Mitte,Vorwerk Mitte,,,,
499,Waffen SS HWL,Waffen SS HWL,,,,
500,Waggonfabrik Steinfurt Königsberg GmbH,Waggonfabrik Steinfurt Königsberg GmbH,,,,
501,Wagner Farm,Wagner Farm,,,,
502,Waldwerke,Waldwerke,,,,
503,Walzer & Co.,Walzer & Co.,,,,
504,Wayss und Freytag AG,Wayss und Freytag AG,,,,
505,Websky,Websky,,,,
506,Wehrmacht,Wehrmacht,,,,
507,Welker,Welker,,,,
508,Werk Hirthmotorenbau,Werk Hirthmotorenbau,,,,
509,Werk Sömmerda,Werk Sömmerda,,,,
510,"Weser Aircraft Construction, Ltd.",Weser Flugzeugbau GmbH,"Weser Aircraft Construction, Ltd.",Weserflug,,
511,Westermann u. Co.,Westermann u. Co.,,,,
512,Westphalian Metal Industry,Westfälische Metallindustrie,Westphalian Metal Industry,WMI,,
513,Wieden und Petersil,Wieden und Petersil,,,,
514,Wiedermann,Wiedermann,,,,
515,Wihelm Thiessens Farm,Wihelm Thiessens Farm,,,,
516,Wihelmsburger Bleiwerk,Wihelmsburger Bleiwerk,,,,
517,Wilhelmsburg Bahnhof,Wilhelmsburg Bahnhof,,,,
518,Winkler Factory,Winkler Factory,,,,
519,Wintershall AG Mineralölwerk,Wintershall AG Mineralölwerk,,,,
520,Worner,Worner,,,,
521,Wulfert GmbH,Wulfert GmbH,,,,
522,Württembergische Metallwarenfabrik,Württembergische Metallwarenfabrik,,,,
523,Wuste-Werk,Wuste-Werk,,,,
524,Zeiss-Ikon AG Goehle-Werk,Zeiss-Ikon AG Goehle-Werk,,,532.0,
525,Zeiss-Ikon AG Reick,Zeiss-Ikon AG Reick,,,532.0,
526,Zellulose- und Zellwolle AG,Zellulose- und Zellwolle AG,,,,
527,Zellwolle- und Papierfabrik Lenzing,Zellwolle- und Papierfabrik Lenzing,,,,
528,Zieleniewski Works,Zieleniewski Works,,,,
529,Zimke,Zimke,,,,
530,Zuckerfabrik Uelzen AG,Zuckerfabrik Uelzen AG,,,,
531,Zweigwerk Hohwacht,Zweigwerk Hohwacht,,,,
532,"Zeiss-Ikon AG
Deutsche Wirtschaftsbetriebe GmbH
Deutsche Reichsbahn
Schlesische Zellwolle AG
Polte Company
Leipzig Pitter-Werkzeugmaschinenbau Concern
Flick Company","Zeiss-Ikon AG
Deutsche Wirtschaftsbetriebe GmbH
Deutsche Reichsbahn
Schlesische Zellwolle AG
Polte Company
Leipzig Pitter-Werkzeugmaschinenbau Concern
Flick Company",,,,
533,Deutsche Wirtschaftsbetriebe GmbH,Deutsche Wirtschaftsbetriebe GmbH,,,,
534,Deutsche Reichsbahn,Deutsche Reichsbahn,,,,
535,Schlesische Zellwolle AG,Schlesische Zellwolle AG,,,,
536,Polte Company,Polte Company,,,,
537,Leipzig Pitter-Werkzeugmaschinenbau Concern,Leipzig Pitter-Werkzeugmaschinenbau Concern,,,,
538,Flick Company,Flick Company,,,,
